sample_id,sample_name,Condition,TimePoint,Replicate,illumina_r1,illumina_r2,Genome PTR,Ori/Ter PTR,OD600, Notes,CFU/ml,Sample ID,qPCR_PTR,TimePoint(Hrs),dlog(CFUml) /dt,log10 CFU/ml,dlog(CFUml) /dt log,dlog(OD) /dt
HM68_TB1_T_O-N,HM68,TB1,0,a,HM68_TB1_T_O-N_R1.fastq.gz,HM68_TB1_T_O-N_R2.fastq.gz,1.297024,1.039613,0.157,68TB_Rep1,6.00E+07,8399-SP-90,1.000079,0,1.15E+00,7.77815125,6.24E-02,0.781484642
HM68_TB1_T1,HM68,TB1,T1,a,HM68_TB1_T1_R1.fastq.gz,HM68_TB1_T1_R2.fastq.gz,1.811068,1.191446,0.343,68TB_Rep1,1.90E+08,8399-SP-91,2.375922,1,1.23E+00,8.278753601,6.25E-02,1.184245976
HM68_TB1-T2,HM68,TB1,T2,a,HM68_TB1-T2_R1.fastq.gz,HM68_TB1-T2_R2.fastq.gz,1.611574,1.199113,1.121,68TB_Rep1,6.50E+08,8399-SP-92,2.183189,2,3.03E+00,8.812913357,1.44E-01,0.433040836
HM68_TB1-T2.5,HM68,TB1,T2.5,a,HM68_TB1-T2.5_R1.fastq.gz,HM68_TB1-T2.5_R2.fastq.gz,1.346628,1.129689,1.392,68TB_Rep1,2.95E+09,8399-SP-93,1.406652,2.5,6.34E-01,9.469822016,2.89E-02,1.911464928
HM68_TB1-T3,HM68,TB1,T3,a,HM68_TB1-T3_R1.fastq.gz,HM68_TB1-T3_R2.fastq.gz,1.248157,1.070098,3.62,68TB_Rep1,4.05E+09,8399-SP-94,1.344567,3,3.33E-01,9.607455023,1.49E-02,0.213149021
HM68_TB1-T4,HM68,TB1,T4,a,HM68_TB1-T4_R1.fastq.gz,HM68_TB1-T4_R2.fastq.gz,1.141269,1.244483,4.48,68TB_Rep1,5.65E+09,8399-SP-95,1.122063,4,1.29E+00,9.752048448,5.58E-02,0.307025035
HM68_TB1-T5,HM68,TB1,T5,a,HM68_TB1-T5_R1.fastq.gz,HM68_TB1-T5_R2.fastq.gz,1.111355,1.513238,6.09,68TB_Rep1,2.05E+10,8399-SP-96,1.020475,5,,10.31175386,,
