sample_id,sample_name,Condition,TimePoint,Replicate,illumina_r1,illumina_r2,Genome PTR,Ori/Ter PTR,OD600, Notes,CFU/ml,Sample ID,qPCR_PTR,TimePoint(Hrs),dlog(CFUml) /dt,log10 CFU/ml,dlog(CFUml) /dt log,dlog(OD) /dt
HM86_M9Glu1-_O-N,HM86,M9Glu1,0,a,HM86_M9Glu1-_O-N_R1.fastq.gz,HM86_M9Glu1-_O-N_R2.fastq.gz,1.122953,1.3651,0.027,M9_Rep1,3.40E+07,8399-SP-82,1.000207,0,1.78E-01,7.531478917,1.01E-02,0.444352953
HM86_M9Glu1-2.5h,HM86,M9Glu1,2.5h,a,HM86_M9Glu1-2.5h_R1.fastq.gz,HM86_M9Glu1-2.5h_R2.fastq.gz,1.143933,1.096356,0.082,M9_Rep1,5.30E+07,8399-SP-83,0.878128,2.5,6.35E-01,7.72427587,3.51E-02,0.699226227
HM86_M9Glu1-3.5h,HM86,M9Glu1,3.5h,a,HM86_M9Glu1-3.5h_R1.fastq.gz,HM86_M9Glu1-3.5h_R2.fastq.gz,1.200565,1.34226,0.165,M9_Rep1,1.00E+08,8399-SP-84,0.899202,3.5,1.06E+00,8,5.68E-02,1.04335128
HM86_M9Glu1-4h,HM86,M9Glu1,4h,a,HM86_M9Glu1-4h_R1.fastq.gz,HM86_M9Glu1-4h_R2.fastq.gz,1.173085,1.206702,0.278,M9_Rep1,1.70E+08,8399-SP-85,0.874437,4,6.33E-01,8.230448921,3.28E-02,0.802098364
HM86_M9Glu1-5h,HM86,M9Glu1,5h,a,HM86_M9Glu1-5h_R1.fastq.gz,HM86_M9Glu1-5h_R2.fastq.gz,1.244596,1.344874,0.62,M9_Rep1,3.20E+08,8399-SP-86,1.112817,5,9.53E-01,8.505149978,4.75E-02,0.517256514
HM86_M9Glu1-6h,HM86,M9Glu1,6h,a,HM86_M9Glu1-6h_R1.fastq.gz,HM86_M9Glu1-6h_R2.fastq.gz,1.280611,1.449943,1.04,M9_Rep1,8.30E+08,8399-SP-87,1.138602,6,6.56E-01,8.919078092,3.15E-02,0.352821375
HM86_M9Glu1-7h,HM86,M9Glu1,7h,a,HM86_M9Glu1-7h_R1.fastq.gz,HM86_M9Glu1-7h_R2.fastq.gz,1.145879,1.303297,1.48,M9_Rep1,1.60E+09,8399-SP-88,0.99288,7,6.61E-01,9.204119983,3.07E-02,-0.172906558
HM86_M9Glu1-8h,HM86,M9Glu1,8h,a,HM86_M9Glu1-8h_R1.fastq.gz,HM86_M9Glu1-8h_R2.fastq.gz,1.139219,1.334694,1.245,M9_Rep1,3.10E+09,8399-SP-89,0.955009,8,,9.491361694,,
